{
  "intList": {},
  "doubList": {
    "widthm": 14.0,
    "zoomLevel": 0.75,
    "heightm": 3.0
  },
  "collPointList": [
    {
      "x": -6.213333333333334,
      "y": -0.7533333333333334
    },
    {
      "x": -6.266666666666667,
      "y": 0.7666666666666667
    },
    {
      "x": 6.12,
      "y": 0.86
    },
    {
      "x": 6.186666666666667,
      "y": -0.7666666666666666
    }
  ],
  "edgeFrictionList": [
    0.0,
    1.0,
    0.0,
    0.0
  ],
  "floatList": {},
  "strList": {},
  "boolList": {}
}