{
  "intList": {},
  "doubList": {
    "widthm": 14.0,
    "zoomLevel": 0.75,
    "heightm": 3.0
  },
  "collPointList": [
    {
      "x": 6.3066666666666675,
      "y": -0.9533333333333335
    },
    {
      "x": 6.333333333333332,
      "y": 0.8733333333333334
    },
    {
      "x": -6.466666666666666,
      "y": 0.8733333333333334
    },
    {
      "x": -6.466666666666666,
      "y": -0.9
    }
  ],
  "edgeFrictionList": [
    0.0,
    1.0,
    0.0,
    0.0
  ],
  "deadlyEdgeList": [
    false,
    false,
    false,
    false
  ],
  "floatList": {},
  "strList": {},
  "boolList": {}
}