{
  "intList": {},
  "doubList": {
    "widthm": 1.8,
    "zoomLevel": 1.5,
    "heightm": 0.3
  },
  "collPointList": [
    {
      "x": 0.5133333333333334,
      "y": 0.08333333333333331
    },
    {
      "x": 0.8933333333333334,
      "y": -0.05
    },
    {
      "x": 0.54,
      "y": -0.18333333333333335
    }
  ],
  "floatList": {},
  "strList": {},
  "boolList": {}
}