{
  "intList": {},
  "doubList": {
    "widthm": 3.5,
    "zoomLevel": 0.75,
    "heightm": 6.0
  },
  "collPointList": [
    {
      "x": -0.23,
      "y": -2.826666666666666
    },
    {
      "x": -0.15,
      "y": 0.68
    },
    {
      "x": 0.21,
      "y": 0.6933333333333335
    },
    {
      "x": 0.3166666666666666,
      "y": -2.8533333333333335
    }
  ],
  "floatList": {},
  "strList": {},
  "boolList": {}
}