{
  "intList": {},
  "doubList": {
    "widthm": 3.5,
    "zoomLevel": 0.75,
    "heightm": 6.0
  },
  "collPointList": [
    {
      "x": 0.30333333333333345,
      "y": -2.8666666666666663
    },
    {
      "x": 0.3166666666666666,
      "y": 0.5466666666666665
    },
    {
      "x": -0.15,
      "y": 0.5466666666666665
    },
    {
      "x": -0.15,
      "y": -2.88
    }
  ],
  "edgeFrictionList": [
    0.0,
    0.0,
    0.0,
    0.0
  ],
  "deadlyEdgeList": [
    false,
    false,
    false,
    false
  ],
  "floatList": {},
  "strList": {},
  "boolList": {}
}